account_id,name_hash,created_at
ef61a579c9,ef61a579c907bbed674c0dbcbcf7f7,2024-01-15 14:33:10.267225
5b90c1f801,5b90c1f801b7758180f6eec7c4e4a2,2024-01-31 14:33:10.267266
ce4c3b259c,ce4c3b259cf559b42f930957f3f6dd,2024-02-02 14:33:10.267285
4fc6dde1ab,4fc6dde1abc70a75f8be6170af49c0,2024-06-08 14:33:10.267297
095be1c4cf,095be1c4cf59fd5fb0da91880fa9ba,2024-06-23 14:33:10.267309
651312ffe6,651312ffe61f9fb09818fd47a4ebbb,2024-04-04 14:33:10.267320
ca191e686d,ca191e686df33c19fd5847759378d3,2024-01-24 14:33:10.267330
18d3dbe2a0,18d3dbe2a0d7979d748df9e0f25d94,2024-09-24 14:33:10.267340
4aa7736432,4aa773643287da4a3d292ac5498dad,2024-05-04 14:33:10.267350
203d10b34a,203d10b34a570f2229abe588555634,2024-05-23 14:33:10.267360
7059a0a765,7059a0a76512f7f9e8d7edeef6b480,2024-01-30 14:33:10.267369
036e638e76,036e638e76bb00232efb73ec8dfc9e,2024-03-05 14:33:10.267378
873cbf22e2,873cbf22e28ea6b84e6665163fbbd8,2024-11-14 14:33:10.267388
c2338374da,c2338374dab5413b53d2f912860b78,2024-03-30 14:33:10.267397
6eddc683c7,6eddc683c7778676ee2e11f4ca629a,2024-08-23 14:33:10.267407
cede984958,cede9849581cf6075b662ee9929bce,2024-03-26 14:33:10.267415
72122b3b87,72122b3b87db40662dacebc508b504,2024-05-28 14:33:10.267424
a3f1d90c51,a3f1d90c513bb698cf7cfa82c7988b,2024-10-14 14:33:10.267434
da480c5f04,da480c5f04aad12f03e32953271b62,2024-06-16 14:33:10.267443
4af9bb9169,4af9bb91699a172e5a1312bff9fd30,2024-10-13 14:33:10.267451
50725541ec,50725541ec623d77450e4fafec47a3,2024-06-12 14:33:10.267460
e41dfca570,e41dfca570dff7abddd0e762965490,2024-01-05 14:33:10.267469
cf91783683,cf91783683c569ba43b848253725cb,2024-09-21 14:33:10.267479
463218e2e8,463218e2e8d8932b206f7a40040a61,2024-07-14 14:33:10.267488
615fc2e492,615fc2e492d10b1a30f7f602b021f3,2024-10-14 14:33:10.267497
b34619c969,b34619c96976fb83986f96fade6152,2024-03-17 14:33:10.267506
64ae69faf6,64ae69faf66bb0f07b8ffa3795f181,2024-11-21 14:33:10.267522
5e72b17801,5e72b17801a14ee7b9e932027db5dc,2024-05-20 14:33:10.267532
36ab76e2a8,36ab76e2a863bcad5f57f15f31cd85,2024-04-07 14:33:10.267541
0fd7a7c2f3,0fd7a7c2f39bbde631b3ffebfd6f5a,2024-07-09 14:33:10.267550
