customer_id,account_id,order_id
LOG6700,4fc6dde1ab,ORD0679045
LOG4426,ce4c3b259c,ORD9602280
LOG3778,5b90c1f801,ORD8364509
LOG6986,ce4c3b259c,ORD5167922
LOG8772,ca191e686d,ORD4423255
LOG0581,18d3dbe2a0,ORD2800075
LOG3733,4aa7736432,ORD4591575
LOG9758,18d3dbe2a0,ORD9715653
LOG5546,ef61a579c9,ORD7809743
LOG7086,ef61a579c9,ORD1565763
LOG5665,ef61a579c9,ORD6451340
LOG1868,18d3dbe2a0,ORD8150274
LOG1094,203d10b34a,ORD5147069
LOG1158,ce4c3b259c,ORD9880031
LOG0056,ca191e686d,ORD5941419
LOG6986,ce4c3b259c,ORD8276808
LOG7044,203d10b34a,ORD2847826
LOG8246,4fc6dde1ab,ORD0095224
LOG4204,18d3dbe2a0,ORD0442861
LOG0587,5b90c1f801,ORD2842258
LOG5647,4fc6dde1ab,ORD3852955
LOG0147,4fc6dde1ab,ORD9109647
LOG5407,ca191e686d,ORD9031466
LOG6251,4fc6dde1ab,ORD1406294
LOG4127,203d10b34a,ORD9154785
LOG8412,651312ffe6,ORD3831999
LOG5444,203d10b34a,ORD8828369
LOG6735,4aa7736432,ORD6966383
LOG5020,ca191e686d,ORD7331099
LOG0171,203d10b34a,ORD6837947
LOG3684,5b90c1f801,ORD9062563
LOG5879,5b90c1f801,ORD0605607
LOG1982,5b90c1f801,ORD7251264
LOG3501,4fc6dde1ab,ORD5223751
LOG3416,203d10b34a,ORD4165138
LOG1159,18d3dbe2a0,ORD7863604
LOG9778,ce4c3b259c,ORD8816265
LOG2893,4fc6dde1ab,ORD1599085
LOG8237,5b90c1f801,ORD3654724
LOG0402,ef61a579c9,ORD1305203
LOG9665,18d3dbe2a0,ORD2237620
LOG5150,ef61a579c9,ORD8095101
LOG3756,4aa7736432,ORD6756870
LOG7825,ca191e686d,ORD8058070
LOG4681,4aa7736432,ORD6200564
LOG1959,ca191e686d,ORD6326510
LOG9079,4aa7736432,ORD3417237
LOG8662,651312ffe6,ORD4436708
LOG6564,203d10b34a,ORD6726991
LOG9111,095be1c4cf,ORD1974841
LOG6553,ef61a579c9,ORD5663417
LOG1686,203d10b34a,ORD5187349
LOG1265,4fc6dde1ab,ORD3961499
LOG3071,18d3dbe2a0,ORD9487236
LOG1530,ef61a579c9,ORD2234415
LOG3401,ef61a579c9,ORD6158275
LOG9662,ce4c3b259c,ORD2698867
LOG1918,651312ffe6,ORD0830585
LOG6106,5b90c1f801,ORD8745619
LOG9779,ca191e686d,ORD6945749
LOG2335,4aa7736432,ORD1369178
LOG2091,ef61a579c9,ORD8687361
LOG9933,ca191e686d,ORD4684053
LOG1112,ef61a579c9,ORD2226603
LOG0859,18d3dbe2a0,ORD7783627
LOG3564,203d10b34a,ORD9853053
LOG3496,4aa7736432,ORD0314264
LOG8566,ca191e686d,ORD3264107
LOG5564,095be1c4cf,ORD9286565
LOG5837,ce4c3b259c,ORD9706600
LOG9907,5b90c1f801,ORD2180359
LOG6637,ca191e686d,ORD2527699
LOG5788,4fc6dde1ab,ORD0158422
LOG0139,4fc6dde1ab,ORD2804877
LOG7546,ca191e686d,ORD2628086
LOG1947,4aa7736432,ORD8027808
LOG9524,203d10b34a,ORD5027688
LOG9864,203d10b34a,ORD5785352
LOG0308,5b90c1f801,ORD3598235
LOG3063,4fc6dde1ab,ORD0076694
LOG9534,5b90c1f801,ORD2863249
LOG8297,ce4c3b259c,ORD1223331
LOG0763,ca191e686d,ORD0420050
LOG8300,4fc6dde1ab,ORD4322993
LOG6134,203d10b34a,ORD4206769
LOG0663,ce4c3b259c,ORD0251028
LOG4293,5b90c1f801,ORD6962774
LOG5130,4fc6dde1ab,ORD2817441
LOG7829,4aa7736432,ORD4375574
LOG9025,203d10b34a,ORD0590697
LOG1525,ef61a579c9,ORD6754552
LOG6702,4fc6dde1ab,ORD8197158
LOG1243,4aa7736432,ORD2445252
LOG3286,095be1c4cf,ORD3590395
LOG3565,203d10b34a,ORD2038795
LOG7042,ef61a579c9,ORD6593352
LOG2291,203d10b34a,ORD0991793
LOG8645,ce4c3b259c,ORD5699704
LOG7283,ca191e686d,ORD2655585
LOG1476,651312ffe6,ORD3434236
LOG3892,ef61a579c9,ORD5855390
LOG5886,ef61a579c9,ORD7458188
LOG4619,ef61a579c9,ORD2207005
LOG8562,4aa7736432,ORD1427458
LOG3355,ce4c3b259c,ORD7043699
LOG8522,095be1c4cf,ORD0185831
LOG0394,651312ffe6,ORD0084769
LOG1033,ca191e686d,ORD0484088
LOG6816,ca191e686d,ORD9654797
LOG5284,5b90c1f801,ORD7368348
LOG2537,ce4c3b259c,ORD2819650
LOG8540,095be1c4cf,ORD6105791
LOG8954,4aa7736432,ORD2190640
LOG4722,651312ffe6,ORD8978110
LOG2031,651312ffe6,ORD0990474
LOG6041,5b90c1f801,ORD9061675
LOG4882,4fc6dde1ab,ORD0359584
LOG6465,18d3dbe2a0,ORD9914861
LOG7488,203d10b34a,ORD8330848
LOG1023,4aa7736432,ORD6521107
LOG4678,4aa7736432,ORD7389846
LOG6888,ca191e686d,ORD6629463
LOG5679,ce4c3b259c,ORD7883186
LOG6291,ce4c3b259c,ORD4964756
LOG1269,18d3dbe2a0,ORD8624274
LOG4292,18d3dbe2a0,ORD7773236
LOG1899,ce4c3b259c,ORD8476541
LOG6579,095be1c4cf,ORD7304397
LOG7248,5b90c1f801,ORD0820926
LOG8719,4fc6dde1ab,ORD4152914
LOG6236,651312ffe6,ORD0629331
LOG7764,4fc6dde1ab,ORD7693008
LOG4099,4aa7736432,ORD0375502
LOG6398,651312ffe6,ORD5933288
LOG0397,4aa7736432,ORD0791693
LOG4564,095be1c4cf,ORD8142261
LOG1117,203d10b34a,ORD7397212
LOG7037,18d3dbe2a0,ORD6485789
LOG2413,18d3dbe2a0,ORD8057946
LOG1180,651312ffe6,ORD0581884
LOG9354,651312ffe6,ORD5422956
LOG3238,18d3dbe2a0,ORD7814751
LOG8423,4aa7736432,ORD8030142
LOG8546,18d3dbe2a0,ORD8852413
LOG1868,095be1c4cf,ORD5241678
LOG2314,5b90c1f801,ORD3315012
LOG6670,095be1c4cf,ORD1089641
LOG9092,ef61a579c9,ORD9652674
LOG6310,18d3dbe2a0,ORD0060768
LOG9724,4aa7736432,ORD0137440
LOG7696,4fc6dde1ab,ORD0070605
LOG1026,4aa7736432,ORD9736322
LOG6767,203d10b34a,ORD9229400
LOG2292,4fc6dde1ab,ORD9207822
LOG0248,18d3dbe2a0,ORD5412801
LOG5382,ef61a579c9,ORD1051650
LOG6260,4fc6dde1ab,ORD1790032
LOG3291,ce4c3b259c,ORD8287428
LOG8485,18d3dbe2a0,ORD3848891
LOG0359,5b90c1f801,ORD7913630
LOG5216,5b90c1f801,ORD6358434
LOG0873,4fc6dde1ab,ORD5817220
LOG9891,651312ffe6,ORD9811398
LOG9154,4aa7736432,ORD4142073
LOG3741,ca191e686d,ORD7738006
LOG8347,203d10b34a,ORD8390789
LOG5115,651312ffe6,ORD7442118
LOG7436,4aa7736432,ORD1594918
LOG6161,5b90c1f801,ORD6964958
LOG9435,18d3dbe2a0,ORD9837588
LOG8524,095be1c4cf,ORD5658944
LOG1208,ce4c3b259c,ORD5746568
LOG9183,5b90c1f801,ORD5114749
LOG2654,ce4c3b259c,ORD6764469
LOG1528,095be1c4cf,ORD6468330
LOG1150,ce4c3b259c,ORD8990419
LOG4750,095be1c4cf,ORD0606043
LOG9599,ca191e686d,ORD0427955
LOG0589,ef61a579c9,ORD6677631
LOG6510,ce4c3b259c,ORD3124493
LOG9376,ce4c3b259c,ORD8600745
LOG4022,ce4c3b259c,ORD7833482
LOG9974,651312ffe6,ORD0542022
LOG4525,4fc6dde1ab,ORD1033810
LOG6570,095be1c4cf,ORD8915917
LOG0327,095be1c4cf,ORD9756833
LOG9339,095be1c4cf,ORD5132702
LOG7934,18d3dbe2a0,ORD1582733
LOG3747,5b90c1f801,ORD8192829
LOG3890,203d10b34a,ORD7546882
LOG6262,651312ffe6,ORD4763689
LOG0826,ca191e686d,ORD0444677
LOG2507,095be1c4cf,ORD3435972
LOG3090,ca191e686d,ORD0580877
LOG6405,203d10b34a,ORD1468535
LOG4242,5b90c1f801,ORD5055402
LOG1271,ef61a579c9,ORD0826789
LOG0233,5b90c1f801,ORD1853259
LOG6744,ca191e686d,ORD4145818
LOG6146,5b90c1f801,ORD1870461
